color_space,upsample_method,contrast_method,sr_method,sr_actual,seconds,psnr,ssim,mse,rmse,mae,ambe,ncc,uqi,original_brightness,original_contrast,original_entropy,original_eme,original_avg_gradient,original_laplacian_var,original_colorfulness,original_edge_density,original_michelson,enhanced_brightness,enhanced_contrast,enhanced_entropy,enhanced_eme,enhanced_avg_gradient,enhanced_laplacian_var,enhanced_colorfulness,enhanced_edge_density,enhanced_michelson,cii,entropy_gain,sharpness_gain,eme_gain,colorfulness_gain
hsv,hu_wbi,clahe,none,none,0.019,27.246,0.8999,95.3576,9.7651,7.2511,2.9961,0.945,0.9287,41.0481,22.7726,5.8079,13.2964,17.4259,19.6199,34.1371,0.0705,0.8298,44.0443,27.0801,6.3237,19.9123,28.7083,48.2172,38.9435,0.4639,0.8889,1.1892,0.5158,1.6474,1.4976,1.1408
hsv,hu_wbi,clahe_sk,none,none,0.035,21.6912,0.7103,346.2723,18.6084,14.5916,8.8712,0.894,0.8188,41.0481,22.7726,5.8079,13.2964,17.4259,19.6199,34.1371,0.0705,0.8298,49.9194,33.1423,6.6829,23.2967,42.0981,150.5774,46.1189,10.1183,0.9008,1.4554,0.875,2.4158,1.7521,1.351
hsv,hu_wbi,he,none,none,0.013,21.6116,0.7909,360.2457,18.9801,15.5727,14.6018,0.9757,0.869,41.0481,22.7726,5.8079,13.2964,17.4259,19.6199,34.1371,0.0705,0.8298,55.6499,33.2697,6.4886,21.3308,30.649,171.6305,48.1025,4.1802,0.9649,1.461,0.6807,1.7588,1.6043,1.4091
hsv,hu_wbi,bbhe,none,none,0.015,22.7037,0.7624,274.7447,16.5754,12.1917,7.872,0.9435,0.8595,41.0481,22.7726,5.8079,13.2964,17.4259,19.6199,34.1371,0.0705,0.8298,48.9201,33.9671,6.26,17.1156,34.3109,110.28,46.2195,7.9644,0.8852,1.4916,0.4521,1.969,1.2872,1.3539
hsv,hu_wbi,dsihe,none,none,0.015,22.74,0.7462,270.3972,16.4438,12.2948,6.3787,0.9265,0.8517,41.0481,22.7726,5.8079,13.2964,17.4259,19.6199,34.1371,0.0705,0.8298,47.4268,33.6011,6.2132,16.5066,34.5838,122.6294,45.418,9.0061,0.871,1.4755,0.4053,1.9846,1.2414,1.3305
hsv,hu_wbi,agcwd,none,none,0.014,26.0101,0.895,124.8609,11.1741,9.2527,8.491,0.9478,0.9213,41.0481,22.7726,5.8079,13.2964,17.4259,19.6199,34.1371,0.0705,0.8298,32.5572,21.4691,5.8147,14.742,21.7729,33.7571,29.8603,0.51,0.8182,0.9428,0.0068,1.2495,1.1087,0.8747
hsv,hu_wbi,ssr,none,none,0.03,24.1922,0.8335,202.4897,14.2299,11.3499,8.5502,0.931,0.8887,41.0481,22.7726,5.8079,13.2964,17.4259,19.6199,34.1371,0.0705,0.8298,49.5983,28.9633,6.7242,21.6172,31.0072,58.0213,43.4452,1.8392,0.968,1.2718,0.9163,1.7794,1.6258,1.2727
hsv,hu_wbi,msr,none,none,0.08,24.7679,0.8137,175.6189,13.2521,10.3075,7.3092,0.9369,0.8981,41.0481,22.7726,5.8079,13.2964,17.4259,19.6199,34.1371,0.0705,0.8298,48.3573,29.0075,6.6598,22.3053,33.9604,68.949,42.8993,3.087,0.9528,1.2738,0.8519,1.9488,1.6775,1.2567
hsv,hu_wbi,stretch,none,none,0.014,24.0745,0.9087,202.6555,14.2357,11.9182,10.2703,0.9966,0.9151,41.0481,22.7726,5.8079,13.2964,17.4259,19.6199,34.1371,0.0705,0.8298,51.3185,32.3738,6.3283,17.878,26.0309,41.2027,45.2805,0.3092,0.9328,1.4216,0.5204,1.4938,1.3446,1.3264
hsv,hu_wbi,tophat,none,none,0.014,30.8455,0.8988,43.0887,6.5642,4.9538,2.9413,0.9664,0.9636,41.0481,22.7726,5.8079,13.2964,17.4259,19.6199,34.1371,0.0705,0.8298,38.1069,22.3964,6.0816,21.4792,28.2274,78.5439,33.2226,0.8111,0.875,0.9835,0.2737,1.6199,1.6154,0.9732
hsv,hu_wbi,log,none,none,0.014,23.072,0.8777,260.5345,16.1411,14.0686,13.8521,0.9783,0.8374,41.0481,22.7726,5.8079,13.2964,17.4259,19.6199,34.1371,0.0705,0.8298,27.1961,15.4656,5.4429,16.0359,15.302,63.2685,23.2485,0.0651,0.8571,0.6791,-0.365,0.8781,1.206,0.681
hsv,hu_wbi,none,none,none,0.016,35.9347,0.9851,14.164,3.7635,3.226,3.0924,0.9971,0.9922,41.0481,22.7726,5.8079,13.2964,17.4259,19.6199,34.1371,0.0705,0.8298,37.9557,21.4267,5.8908,14.7182,18.2835,29.2032,32.1659,0.0678,0.8444,0.9409,0.0829,1.0492,1.1069,0.9423
hsv,bicubic,clahe,none,none,0.014,27.2828,0.8945,94.5564,9.724,7.2726,3.0173,0.9464,0.9296,41.0481,22.7726,5.8079,13.2964,17.4259,19.6199,34.1371,0.0705,0.8298,44.0655,27.1486,6.4016,20.3184,29.7451,73.0267,39.0121,0.7867,0.8727,1.1922,0.5937,1.7069,1.5281,1.1428
hsv,bicubic,clahe_sk,none,none,0.02,21.7285,0.6947,343.2355,18.5266,14.6109,8.7226,0.8973,0.8207,41.0481,22.7726,5.8079,13.2964,17.4259,19.6199,34.1371,0.0705,0.8298,49.7708,33.3202,6.6159,23.3946,43.6598,265.3685,46.1337,10.5984,0.9008,1.4632,0.808,2.5055,1.7595,1.3514
hsv,bicubic,he,none,none,0.013,21.5541,0.7472,365.5211,19.1186,16.3187,15.07,0.9728,0.8698,41.0481,22.7726,5.8079,13.2964,17.4259,19.6199,34.1371,0.0705,0.8298,56.1182,32.6689,6.4391,24.4828,33.8753,420.3182,48.1469,4.2074,0.9823,1.4346,0.6312,1.944,1.8413,1.4104
hsv,bicubic,bbhe,none,none,0.015,22.65,0.7371,278.589,16.691,12.7074,7.9919,0.9389,0.8569,41.0481,22.7726,5.8079,13.2964,17.4259,19.6199,34.1371,0.0705,0.8298,49.0401,33.7625,6.2626,17.2702,36.463,196.7985,46.2069,8.6426,0.8852,1.4826,0.4547,2.0925,1.2989,1.3536
hsv,bicubic,dsihe,none,none,0.015,22.6769,0.7255,275.533,16.5992,12.7336,6.76,0.9243,0.8499,41.0481,22.7726,5.8079,13.2964,17.4259,19.6199,34.1371,0.0705,0.8298,47.8082,33.4731,6.211,16.63,36.6091,202.3386,45.5607,9.5215,0.871,1.4699,0.4031,2.1008,1.2507,1.3346
hsv,bicubic,agcwd,none,none,0.013,26.0014,0.8941,125.0295,11.1817,9.2592,8.513,0.948,0.9214,41.0481,22.7726,5.8079,13.2964,17.4259,19.6199,34.1371,0.0705,0.8298,32.5351,21.4956,5.808,14.9124,22.3271,46.0784,29.8877,0.4557,0.8163,0.9439,0.0001,1.2813,1.1215,0.8755
hsv,bicubic,ssr,none,none,0.032,24.2099,0.8306,201.6156,14.1991,11.3043,8.4842,0.9308,0.8888,41.0481,22.7726,5.8079,13.2964,17.4259,19.6199,34.1371,0.0705,0.8298,49.5324,28.9645,6.7258,21.9888,31.8038,77.5975,43.4338,2.2624,0.968,1.2719,0.9179,1.8251,1.6537,1.2723
hsv,bicubic,msr,none,none,0.082,24.7621,0.8085,175.7748,13.258,10.3018,7.2371,0.9359,0.8974,41.0481,22.7726,5.8079,13.2964,17.4259,19.6199,34.1371,0.0705,0.8298,48.2853,28.9975,6.6599,22.9019,34.8884,97.3027,42.8835,3.8737,0.9528,1.2734,0.852,2.0021,1.7224,1.2562
hsv,bicubic,stretch,none,none,0.015,24.1314,0.9055,200.0099,14.1425,11.813,10.1536,0.9974,0.9158,41.0481,22.7726,5.8079,13.2964,17.4259,19.6199,34.1371,0.0705,0.8298,51.2018,32.4166,6.3017,18.1979,26.9612,58.2158,45.3524,0.4096,0.9328,1.4235,0.4938,1.5472,1.3686,1.3285
hsv,bicubic,tophat,none,none,0.014,30.4099,0.8827,47.3773,6.8831,5.1639,3.0545,0.963,0.9601,41.0481,22.7726,5.8079,13.2964,17.4259,19.6199,34.1371,0.0705,0.8298,37.9937,22.5632,6.1555,21.8579,29.9091,129.8275,33.112,1.0742,0.8958,0.9908,0.3476,1.7164,1.6439,0.97
hsv,bicubic,log,none,none,0.013,23.0742,0.8833,259.059,16.0953,14.0147,13.7766,0.9781,0.8375,41.0481,22.7726,5.8079,13.2964,17.4259,19.6199,34.1371,0.0705,0.8298,27.2715,15.4327,5.4448,16.249,15.6033,64.6009,23.3518,0.0624,0.8571,0.6777,-0.3631,0.8954,1.2221,0.6841
hsv,bicubic,none,none,none,0.013,36.1516,0.9901,13.4063,3.6615,3.1389,3.0495,0.9979,0.9928,41.0481,22.7726,5.8079,13.2964,17.4259,19.6199,34.1371,0.0705,0.8298,37.9986,21.336,5.7944,14.9149,18.4328,31.7946,32.2756,0.0678,0.8242,0.9369,-0.0135,1.0578,1.1217,0.9455
yiq,hu_wbi,clahe,none,none,0.015,27.2542,0.9007,120.7652,10.9893,7.8876,5.5015,0.9584,0.9254,41.0481,22.7726,5.8079,13.2964,17.4259,19.6199,34.1371,0.0705,0.8298,46.5497,28.7672,6.3846,19.4818,29.2316,55.6477,33.2787,0.6293,0.8793,1.2632,0.5767,1.6775,1.4652,0.9749
yiq,hu_wbi,clahe_sk,none,none,0.022,17.3228,0.5954,1190.8102,34.5081,26.0968,23.0056,0.9084,0.6687,41.0481,22.7726,5.8079,13.2964,17.4259,19.6199,34.1371,0.0705,0.8298,64.0537,44.5781,6.9661,22.8824,53.5528,255.3992,30.663,13.8835,0.9205,1.9575,1.1582,3.0732,1.7209,0.8982
yiq,hu_wbi,he,none,none,0.014,15.8784,0.6136,1673.8477,40.9127,34.7259,33.5132,0.9765,0.6632,41.0481,22.7726,5.8079,13.2964,17.4259,19.6199,34.1371,0.0705,0.8298,74.5614,45.1879,6.787,20.0546,40.7836,317.3166,29.6737,9.592,0.9583,1.9843,0.9791,2.3404,1.5083,0.8693
yiq,hu_wbi,bbhe,none,none,0.015,17.6376,0.6313,1104.8638,33.2395,22.9123,19.1452,0.9246,0.6773,41.0481,22.7726,5.8079,13.2964,17.4259,19.6199,34.1371,0.0705,0.8298,60.1934,46.8059,6.5257,17.7621,47.8428,234.4125,30.3492,12.6194,0.8846,2.0554,0.7178,2.7455,1.3359,0.889
yiq,hu_wbi,dsihe,none,none,0.015,17.9185,0.6271,1033.0709,32.1414,21.8787,16.6121,0.9062,0.6773,41.0481,22.7726,5.8079,13.2964,17.4259,19.6199,34.1371,0.0705,0.8298,57.6603,46.4137,6.3793,17.1454,48.0098,268.4358,30.551,12.321,0.8734,2.0381,0.5714,2.7551,1.2895,0.895
yiq,hu_wbi,agcwd,none,none,0.015,26.8737,0.8892,133.6179,11.5593,9.564,8.7252,0.9432,0.9138,41.0481,22.7726,5.8079,13.2964,17.4259,19.6199,34.1371,0.0705,0.8298,32.3229,20.9794,5.7435,14.056,21.2212,43.035,34.7331,0.5127,0.8163,0.9213,-0.0644,1.2178,1.0571,1.0175
yiq,hu_wbi,ssr,none,none,0.031,18.2836,0.7095,957.9017,30.95,25.1624,24.3351,0.9577,0.7438,41.0481,22.7726,5.8079,13.2964,17.4259,19.6199,34.1371,0.0705,0.8298,65.3832,39.7742,7.0679,21.2072,39.6372,95.3439,31.2438,5.8648,0.96,1.7466,1.26,2.2746,1.595,0.9152
yiq,hu_wbi,msr,none,none,0.082,18.6812,0.6869,872.4825,29.5378,23.5042,22.6461,0.9599,0.7544,41.0481,22.7726,5.8079,13.2964,17.4259,19.6199,34.1371,0.0705,0.8298,63.6943,39.7167,7.0087,22.8136,43.6268,123.3756,31.287,9.4293,0.9474,1.7441,1.2008,2.5036,1.7158,0.9165
yiq,hu_wbi,stretch,none,none,0.015,17.7487,0.7733,1090.5161,33.023,27.0786,25.8583,0.9937,0.7327,41.0481,22.7726,5.8079,13.2964,17.4259,19.6199,34.1371,0.0705,0.8298,66.9064,43.0093,6.6684,19.1795,34.473,70.8033,30.7716,2.4685,0.9456,1.8886,0.8605,1.9783,1.4425,0.9014
yiq,hu_wbi,tophat,none,none,0.016,31.613,0.8955,45.0955,6.7153,4.9808,3.192,0.9658,0.9625,41.0481,22.7726,5.8079,13.2964,17.4259,19.6199,34.1371,0.0705,0.8298,37.8561,22.2841,6.1452,20.9521,28.5034,106.3224,34.3622,0.746,0.8737,0.9785,0.3373,1.6357,1.5758,1.0066
yiq,hu_wbi,log,none,none,0.014,23.1941,0.7886,295.0963,17.1784,14.0364,13.1328,0.9624,0.7625,41.0481,22.7726,5.8079,13.2964,17.4259,19.6199,34.1371,0.0705,0.8298,27.9154,12.7317,5.1556,12.7314,10.6924,82.3229,33.61,0.0461,0.8214,0.5591,-0.6523,0.6136,0.9575,0.9846
yiq,hu_wbi,none,none,none,0.014,35.8586,0.9829,16.9511,4.1172,3.4864,3.3832,0.997,0.9906,41.0481,22.7726,5.8079,13.2964,17.4259,19.6199,34.1371,0.0705,0.8298,37.665,21.16,5.8234,14.3778,17.8885,31.3881,34.3933,0.0651,0.8409,0.9292,0.0155,1.0265,1.0813,1.0075
yiq,bicubic,clahe,none,none,0.014,27.2081,0.894,122.0953,11.0497,8.0018,5.4901,0.9591,0.9249,41.0481,22.7726,5.8079,13.2964,17.4259,19.6199,34.1371,0.0705,0.8298,46.5382,28.9403,6.4281,20.305,30.2854,91.2706,33.2361,0.689,0.8966,1.2708,0.6202,1.738,1.5271,0.9736
yiq,bicubic,clahe_sk,none,none,0.022,17.2912,0.5827,1199.8463,34.6388,26.2389,23.023,0.9105,0.6679,41.0481,22.7726,5.8079,13.2964,17.4259,19.6199,34.1371,0.0705,0.8298,64.0712,44.8414,6.9309,23.0408,55.0793,423.1434,30.6138,14.9848,0.9205,1.9691,1.123,3.1608,1.7329,0.8968
yiq,bicubic,he,none,none,0.014,15.8573,0.5965,1681.8423,41.0103,34.7973,34.0123,0.9769,0.6659,41.0481,22.7726,5.8079,13.2964,17.4259,19.6199,34.1371,0.0705,0.8298,75.0605,44.6372,6.7388,20.2773,42.2449,562.9172,29.7211,9.4564,0.9586,1.9601,0.9309,2.4243,1.525,0.8706
yiq,bicubic,bbhe,none,none,0.015,17.6541,0.6213,1099.7515,33.1625,22.9687,18.9798,0.9223,0.6769,41.0481,22.7726,5.8079,13.2964,17.4259,19.6199,34.1371,0.0705,0.8298,60.0279,46.7352,6.4872,17.9981,49.2837,363.0325,30.3268,13.4006,0.8846,2.0523,0.6793,2.8282,1.3536,0.8884
yiq,bicubic,dsihe,none,none,0.015,17.934,0.6184,1028.5363,32.0708,21.9695,16.5394,0.903,0.6767,41.0481,22.7726,5.8079,13.2964,17.4259,19.6199,34.1371,0.0705,0.8298,57.5875,46.2404,6.4126,17.3523,49.408,403.7264,30.5517,13.0344,0.8734,2.0305,0.6047,2.8353,1.305,0.895
yiq,bicubic,agcwd,none,none,0.015,26.8485,0.8893,134.5211,11.5983,9.6063,8.7771,0.9432,0.9135,41.0481,22.7726,5.8079,13.2964,17.4259,19.6199,34.1371,0.0705,0.8298,32.2711,20.9797,5.6989,13.7029,21.6119,62.3557,34.7679,0.3662,0.798,0.9213,-0.109,1.2402,1.0306,1.0185
yiq,bicubic,ssr,none,none,0.031,18.3625,0.7023,939.9255,30.6582,24.8851,24.0391,0.9577,0.7463,41.0481,22.7726,5.8079,13.2964,17.4259,19.6199,34.1371,0.0705,0.8298,65.0872,39.6732,7.0706,21.7921,40.9032,159.8621,31.2699,7.0421,0.96,1.7421,1.2627,2.3473,1.6389,0.916
yiq,bicubic,msr,none,none,0.082,18.7153,0.6754,865.2561,29.4152,23.3895,22.4952,0.9591,0.755,41.0481,22.7726,5.8079,13.2964,17.4259,19.6199,34.1371,0.0705,0.8298,63.5434,39.6644,7.02,23.4076,45.1482,209.5827,31.3001,10.4872,0.9474,1.7418,1.2121,2.5909,1.7604,0.9169
yiq,bicubic,stretch,none,none,0.016,17.808,0.7651,1075.5513,32.7956,26.8538,25.5377,0.9943,0.7341,41.0481,22.7726,5.8079,13.2964,17.4259,19.6199,34.1371,0.0705,0.8298,66.5858,43.0772,6.6672,19.64,35.6984,119.7693,30.7839,3.4125,0.9456,1.8916,0.8593,2.0486,1.4771,0.9018
yiq,bicubic,tophat,none,none,0.015,31.1879,0.8791,49.5129,7.0365,5.2706,3.3668,0.9628,0.9592,41.0481,22.7726,5.8079,13.2964,17.4259,19.6199,34.1371,0.0705,0.8298,37.6813,22.4548,6.1893,20.9477,30.0635,177.182,34.3831,0.8925,0.8947,0.986,0.3814,1.7252,1.5754,1.0072
yiq,bicubic,log,none,none,0.014,23.1938,0.794,294.5544,17.1626,14.0508,13.151,0.9634,0.7638,41.0481,22.7726,5.8079,13.2964,17.4259,19.6199,34.1371,0.0705,0.8298,27.8972,12.7562,5.145,12.7213,10.7968,79.4015,33.6331,0.0461,0.8214,0.5602,-0.6629,0.6196,0.9567,0.9852
yiq,bicubic,none,none,none,0.014,35.9916,0.9858,16.5289,4.0656,3.5306,3.428,0.9977,0.9913,41.0481,22.7726,5.8079,13.2964,17.4259,19.6199,34.1371,0.0705,0.8298,37.6201,21.1843,5.8701,14.9325,18.6162,49.8707,34.4426,0.0678,0.8409,0.9303,0.0622,1.0683,1.123,1.0089
ycrcb,hu_wbi,clahe,none,none,0.014,27.0636,0.8993,125.8078,11.2164,8.0916,5.8941,0.9575,0.9239,41.0481,22.7726,5.8079,13.2964,17.4259,19.6199,34.1371,0.0705,0.8298,46.9422,28.7282,6.424,19.4545,29.5498,58.9533,33.2941,0.6266,0.8803,1.2615,0.6161,1.6957,1.4631,0.9753
ycrcb,hu_wbi,clahe_sk,none,none,0.021,17.2956,0.5889,1197.4398,34.604,26.2246,23.1743,0.9089,0.6684,41.0481,22.7726,5.8079,13.2964,17.4259,19.6199,34.1371,0.0705,0.8298,64.2225,44.5787,6.9944,22.9168,54.439,274.6234,30.6701,14.247,0.9205,1.9576,1.1865,3.124,1.7235,0.8984
ycrcb,hu_wbi,he,none,none,0.013,15.8058,0.6005,1700.812,41.2409,35.3166,34.231,0.9768,0.6641,41.0481,22.7726,5.8079,13.2964,17.4259,19.6199,34.1371,0.0705,0.8298,75.2792,44.7243,6.8382,20.0152,42.8343,354.6938,29.7133,8.3523,0.9586,1.964,1.0303,2.4581,1.5053,0.8704
ycrcb,hu_wbi,bbhe,none,none,0.017,17.5617,0.6316,1123.1869,33.514,23.206,19.7663,0.9271,0.6766,41.0481,22.7726,5.8079,13.2964,17.4259,19.6199,34.1371,0.0705,0.8298,60.8144,46.7938,6.6245,17.6298,48.3111,238.2553,30.3687,12.5027,0.8846,2.0548,0.8166,2.7724,1.3259,0.8896
ycrcb,hu_wbi,dsihe,none,none,0.015,17.8287,0.6239,1053.6694,32.4603,22.298,17.4208,0.908,0.676,41.0481,22.7726,5.8079,13.2964,17.4259,19.6199,34.1371,0.0705,0.8298,58.469,46.3507,6.5078,17.0489,48.6244,271.5083,30.5079,12.3779,0.8734,2.0354,0.6999,2.7904,1.2822,0.8937
ycrcb,hu_wbi,agcwd,none,none,0.014,27.0135,0.8895,129.9653,11.4002,9.4945,8.4925,0.9428,0.9152,41.0481,22.7726,5.8079,13.2964,17.4259,19.6199,34.1371,0.0705,0.8298,32.5556,21.0621,5.7334,14.1873,21.2784,45.013,34.6112,0.453,0.8163,0.9249,-0.0745,1.2211,1.067,1.0139
ycrcb,hu_wbi,ssr,none,none,0.03,18.2788,0.7102,958.2676,30.9559,25.2166,24.4059,0.958,0.7444,41.0481,22.7726,5.8079,13.2964,17.4259,19.6199,34.1371,0.0705,0.8298,65.454,39.7057,7.0772,21.8164,39.8002,98.204,31.2598,5.9353,0.96,1.7436,1.2693,2.284,1.6408,0.9157
ycrcb,hu_wbi,msr,none,none,0.081,18.6138,0.6854,885.5719,29.7586,23.7516,22.931,0.9602,0.7531,41.0481,22.7726,5.8079,13.2964,17.4259,19.6199,34.1371,0.0705,0.8298,63.9792,39.7347,7.0148,22.7362,43.9288,128.3217,31.2949,9.451,0.9474,1.7448,1.2069,2.5209,1.71,0.9167
ycrcb,hu_wbi,stretch,none,none,0.014,17.6695,0.7648,1109.5488,33.3099,27.3653,25.8338,0.9936,0.7281,41.0481,22.7726,5.8079,13.2964,17.4259,19.6199,34.1371,0.0705,0.8298,66.882,43.4982,6.6635,19.2743,34.9837,73.0321,30.6963,2.7724,0.9456,1.9101,0.8556,2.0076,1.4496,0.8992
ycrcb,hu_wbi,tophat,none,none,0.015,31.7646,0.8961,43.0304,6.5598,4.8294,2.8958,0.9661,0.9634,41.0481,22.7726,5.8079,13.2964,17.4259,19.6199,34.1371,0.0705,0.8298,38.1523,22.3219,6.1673,20.8102,28.826,110.3708,34.3307,0.4747,0.8547,0.9802,0.3594,1.6542,1.5651,1.0057
ycrcb,hu_wbi,log,none,none,0.014,23.159,0.773,296.8312,17.2288,14.0514,13.0425,0.9571,0.7574,41.0481,22.7726,5.8079,13.2964,17.4259,19.6199,34.1371,0.0705,0.8298,28.0056,12.6745,5.1504,12.5815,11.2881,102.5457,33.6721,0.0461,0.7966,0.5566,-0.6575,0.6478,0.9462,0.9864
ycrcb,hu_wbi,none,none,none,0.013,36.4028,0.9848,14.6433,3.8267,3.1532,2.993,0.9971,0.9913,41.0481,22.7726,5.8079,13.2964,17.4259,19.6199,34.1371,0.0705,0.8298,38.0551,21.0803,5.8073,14.3485,17.8718,30.9306,34.2658,0.0651,0.8202,0.9257,-0.0006,1.0256,1.0791,1.0038
ycrcb,bicubic,clahe,none,none,0.014,27.0793,0.8948,125.1334,11.1863,8.0982,5.8735,0.9592,0.9246,41.0481,22.7726,5.8079,13.2964,17.4259,19.6199,34.1371,0.0705,0.8298,46.9216,28.8522,6.4482,20.5262,30.4285,95.1152,33.2827,0.7378,0.8966,1.267,0.6403,1.7462,1.5437,0.975
ycrcb,bicubic,clahe_sk,none,none,0.02,17.2193,0.5662,1218.0095,34.9,26.6347,23.5781,0.9074,0.6657,41.0481,22.7726,5.8079,13.2964,17.4259,19.6199,34.1371,0.0705,0.8298,64.6263,44.5483,6.9733,23.1694,56.1011,474.6483,30.6658,14.917,0.9205,1.9562,1.1654,3.2194,1.7425,0.8983
ycrcb,bicubic,he,none,none,0.014,15.7825,0.5729,1709.9202,41.3512,35.7586,34.0934,0.9731,0.6601,41.0481,22.7726,5.8079,13.2964,17.4259,19.6199,34.1371,0.0705,0.8298,75.1416,44.9635,6.5836,20.1682,45.0797,918.2726,29.6622,10.0803,0.9586,1.9745,0.7757,2.5869,1.5168,0.8689
ycrcb,bicubic,bbhe,none,none,0.015,17.5642,0.6111,1121.7646,33.4928,23.1801,19.587,0.9254,0.6758,41.0481,22.7726,5.8079,13.2964,17.4259,19.6199,34.1371,0.0705,0.8298,60.6352,46.8342,6.47,17.859,50.0971,394.8519,30.3715,13.4657,0.8846,2.0566,0.6621,2.8749,1.3431,0.8897
